<?xml version="1.0" encoding="UTF-8"?>

<!-- generated on 2024-07-02 13:31:58 by Eclipse SUMO netedit Version 1.20.0
<configuration xmlns:xsi="http://www.w3.org/2001/XMLSchema-instance" xsi:noNamespaceSchemaLocation="http://sumo.dlr.de/xsd/neteditConfiguration.xsd">

    <input>
        <sumocfg-file value="E:\Netedit SUMO\updated_sumo.sumocfg"/>
        <additional-files value="E:\Netedit SUMO\updated_sumo.add.xml"/>
        <route-files value="E:\Netedit SUMO\real_network.rou.xml"/>
        <sumo-net-file value="E:\Netedit SUMO\real_network.net.xml"/>
    </input>

    <output>
        <output-file value="E:\Netedit SUMO\real_network.net.xml"/>
    </output>

    <processing>
        <geometry.min-radius.fix.railways value="false"/>
        <geometry.max-grade.fix value="false"/>
        <offset.disable-normalization value="true"/>
        <lefthand value="0"/>
    </processing>

    <junctions>
        <no-turnarounds value="true"/>
        <junctions.corner-detail value="5"/>
        <junctions.limit-turn-speed value="5.50"/>
        <rectangular-lane-cut value="0"/>
    </junctions>

    <pedestrian>
        <walkingareas value="0"/>
    </pedestrian>

</configuration>
-->

<net version="1.20" junctionCornerDetail="5" limitTurnSpeed="5.50" xmlns:xsi="http://www.w3.org/2001/XMLSchema-instance" xsi:noNamespaceSchemaLocation="http://sumo.dlr.de/xsd/net_file.xsd">

    <location netOffset="0.00,0.00" convBoundary="-30.00,-50.00,170.00,120.00" origBoundary="-10000000000.00,-10000000000.00,10000000000.00,10000000000.00" projParameter="!"/>

    <edge id=":J22_0" function="internal">
        <lane id=":J22_0_0" index="0" speed="6.51" length="9.03" shape="40.40,91.60 37.95,91.95 36.20,93.00 35.15,94.75 34.80,97.20"/>
    </edge>
    <edge id=":J22_1" function="internal">
        <lane id=":J22_1_0" index="0" speed="40.00" length="17.60" shape="40.40,91.60 22.80,91.60"/>
    </edge>
    <edge id=":J22_2" function="internal">
        <lane id=":J22_2_0" index="0" speed="8.67" length="16.85" shape="40.40,91.60 35.15,91.05 31.40,89.40 29.15,86.65 28.40,82.80"/>
    </edge>
    <edge id=":J22_3" function="internal">
        <lane id=":J22_3_0" index="0" speed="7.33" length="11.73" shape="31.60,82.80 32.15,85.25 33.80,87.00 36.55,88.05 40.40,88.40"/>
    </edge>
    <edge id=":J22_4" function="internal">
        <lane id=":J22_4_0" index="0" speed="26.95" length="14.62" shape="31.60,82.80 32.10,86.12 33.20,89.11 34.30,92.54 34.80,97.20"/>
        <lane id=":J22_4_1" index="1" speed="26.95" length="14.62" shape="31.60,82.80 31.60,97.20"/>
    </edge>
    <edge id=":J22_6" function="internal">
        <lane id=":J22_6_0" index="0" speed="8.00" length="14.19" shape="31.60,82.80 31.05,86.65 29.40,89.40 26.65,91.05 22.80,91.60"/>
    </edge>
    <edge id=":J22_7" function="internal">
        <lane id=":J22_7_0" index="0" speed="6.51" length="9.03" shape="22.80,88.40 25.25,88.05 27.00,87.00 28.05,85.25 28.40,82.80"/>
    </edge>
    <edge id=":J22_8" function="internal">
        <lane id=":J22_8_0" index="0" speed="40.00" length="17.60" shape="22.80,88.40 40.40,88.40"/>
    </edge>
    <edge id=":J22_9" function="internal">
        <lane id=":J22_9_0" index="0" speed="8.00" length="14.19" shape="22.80,88.40 26.65,88.95 29.40,90.60 31.05,93.35 31.60,97.20"/>
    </edge>
    <edge id=":J25_0" function="internal">
        <lane id=":J25_0_0" index="0" speed="7.33" length="11.73" shape="28.40,7.20 27.85,4.75 26.20,3.00 23.45,1.95 19.60,1.60"/>
    </edge>
    <edge id=":J25_1" function="internal">
        <lane id=":J25_1_0" index="0" speed="26.95" length="14.62" shape="28.40,7.20 27.90,3.88 26.80,0.89 25.70,-2.54 25.20,-7.20"/>
        <lane id=":J25_1_1" index="1" speed="26.95" length="14.62" shape="28.40,7.20 28.40,-7.20"/>
    </edge>
    <edge id=":J25_3" function="internal">
        <lane id=":J25_3_0" index="0" speed="8.00" length="14.19" shape="28.40,7.20 28.95,3.35 30.60,0.60 33.35,-1.05 37.20,-1.60"/>
    </edge>
    <edge id=":J25_4" function="internal">
        <lane id=":J25_4_0" index="0" speed="6.51" length="9.03" shape="37.20,1.60 34.75,1.95 33.00,3.00 31.95,4.75 31.60,7.20"/>
    </edge>
    <edge id=":J25_5" function="internal">
        <lane id=":J25_5_0" index="0" speed="40.00" length="17.60" shape="37.20,1.60 19.60,1.60"/>
    </edge>
    <edge id=":J25_6" function="internal">
        <lane id=":J25_6_0" index="0" speed="8.00" length="14.19" shape="37.20,1.60 33.35,1.05 30.60,-0.60 28.95,-3.35 28.40,-7.20"/>
    </edge>
    <edge id=":J25_7" function="internal">
        <lane id=":J25_7_0" index="0" speed="6.51" length="9.03" shape="19.60,-1.60 22.05,-1.95 23.80,-3.00 24.85,-4.75 25.20,-7.20"/>
    </edge>
    <edge id=":J25_8" function="internal">
        <lane id=":J25_8_0" index="0" speed="40.00" length="17.60" shape="19.60,-1.60 37.20,-1.60"/>
    </edge>
    <edge id=":J25_9" function="internal">
        <lane id=":J25_9_0" index="0" speed="8.67" length="16.85" shape="19.60,-1.60 24.85,-1.05 28.60,0.60 30.85,3.35 31.60,7.20"/>
    </edge>
    <edge id=":J28_0" function="internal">
        <lane id=":J28_0_0" index="0" speed="6.51" length="9.03" shape="120.40,91.60 117.95,91.95 116.20,93.00 115.15,94.75 114.80,97.20"/>
    </edge>
    <edge id=":J28_1" function="internal">
        <lane id=":J28_1_0" index="0" speed="40.00" length="17.60" shape="120.40,91.60 102.80,91.60"/>
    </edge>
    <edge id=":J28_2" function="internal">
        <lane id=":J28_2_0" index="0" speed="8.67" length="16.85" shape="120.40,91.60 115.15,91.05 111.40,89.40 109.15,86.65 108.40,82.80"/>
    </edge>
    <edge id=":J28_3" function="internal">
        <lane id=":J28_3_0" index="0" speed="7.33" length="11.73" shape="111.60,82.80 112.15,85.25 113.80,87.00 116.55,88.05 120.40,88.40"/>
    </edge>
    <edge id=":J28_4" function="internal">
        <lane id=":J28_4_0" index="0" speed="40.00" length="14.62" shape="111.60,82.80 112.10,86.12 113.20,89.11 114.30,92.54 114.80,97.20"/>
        <lane id=":J28_4_1" index="1" speed="40.00" length="14.62" shape="111.60,82.80 111.60,97.20"/>
    </edge>
    <edge id=":J28_6" function="internal">
        <lane id=":J28_6_0" index="0" speed="8.00" length="14.19" shape="111.60,82.80 111.05,86.65 109.40,89.40 106.65,91.05 102.80,91.60"/>
    </edge>
    <edge id=":J28_7" function="internal">
        <lane id=":J28_7_0" index="0" speed="6.51" length="9.03" shape="102.80,88.40 105.25,88.05 107.00,87.00 108.05,85.25 108.40,82.80"/>
    </edge>
    <edge id=":J28_8" function="internal">
        <lane id=":J28_8_0" index="0" speed="40.00" length="17.60" shape="102.80,88.40 120.40,88.40"/>
    </edge>
    <edge id=":J28_9" function="internal">
        <lane id=":J28_9_0" index="0" speed="8.00" length="14.19" shape="102.80,88.40 106.65,88.95 109.40,90.60 111.05,93.35 111.60,97.20"/>
    </edge>
    <edge id=":J31_0" function="internal">
        <lane id=":J31_0_0" index="0" speed="7.33" length="11.73" shape="108.40,7.20 107.85,4.75 106.20,3.00 103.45,1.95 99.60,1.60"/>
    </edge>
    <edge id=":J31_1" function="internal">
        <lane id=":J31_1_0" index="0" speed="40.00" length="14.62" shape="108.40,7.20 107.90,3.88 106.80,0.89 105.70,-2.54 105.20,-7.20"/>
        <lane id=":J31_1_1" index="1" speed="40.00" length="14.62" shape="108.40,7.20 108.40,-7.20"/>
    </edge>
    <edge id=":J31_3" function="internal">
        <lane id=":J31_3_0" index="0" speed="8.00" length="14.19" shape="108.40,7.20 108.95,3.35 110.60,0.60 113.35,-1.05 117.20,-1.60"/>
    </edge>
    <edge id=":J31_4" function="internal">
        <lane id=":J31_4_0" index="0" speed="6.51" length="9.03" shape="117.20,1.60 114.75,1.95 113.00,3.00 111.95,4.75 111.60,7.20"/>
    </edge>
    <edge id=":J31_5" function="internal">
        <lane id=":J31_5_0" index="0" speed="110.00" length="17.60" shape="117.20,1.60 99.60,1.60"/>
    </edge>
    <edge id=":J31_6" function="internal">
        <lane id=":J31_6_0" index="0" speed="8.00" length="14.19" shape="117.20,1.60 113.35,1.05 110.60,-0.60 108.95,-3.35 108.40,-7.20"/>
    </edge>
    <edge id=":J31_7" function="internal">
        <lane id=":J31_7_0" index="0" speed="6.51" length="9.03" shape="99.60,-1.60 102.05,-1.95 103.80,-3.00 104.85,-4.75 105.20,-7.20"/>
    </edge>
    <edge id=":J31_8" function="internal">
        <lane id=":J31_8_0" index="0" speed="110.00" length="17.60" shape="99.60,-1.60 117.20,-1.60"/>
    </edge>
    <edge id=":J31_9" function="internal">
        <lane id=":J31_9_0" index="0" speed="8.67" length="16.85" shape="99.60,-1.60 104.85,-1.05 108.60,0.60 110.85,3.35 111.60,7.20"/>
    </edge>

    <edge id="-E1" from="J22" to="J21" priority="-1">
        <lane id="-E1_0" index="0" speed="40.00" length="52.80" shape="22.80,91.60 -30.00,91.60"/>
    </edge>
    <edge id="-E2" from="J25" to="J24" priority="-1">
        <lane id="-E2_0" index="0" speed="40.00" length="49.60" shape="19.60,1.60 -30.00,1.60"/>
    </edge>
    <edge id="-E3" from="J31" to="J30" priority="-1">
        <lane id="-E3_0" index="0" speed="180.00" length="52.80" shape="117.20,-1.60 170.00,-1.60"/>
    </edge>
    <edge id="-E4" from="J28" to="J27" priority="-1">
        <lane id="-E4_0" index="0" speed="40.00" length="49.60" shape="120.40,88.40 170.00,88.40"/>
    </edge>
    <edge id="-E5" from="J28" to="J22" priority="-1" length="2000.00">
        <lane id="-E5_0" index="0" speed="40.00" length="2000.00" shape="102.80,91.60 40.40,91.60"/>
    </edge>
    <edge id="-E6" from="J25" to="J22" priority="-1" length="2000.00">
        <lane id="-E6_0" index="0" speed="13.89" length="2000.00" shape="31.60,7.20 31.60,82.80"/>
    </edge>
    <edge id="-E7" from="J31" to="J25" priority="-1" length="3000.00">
        <lane id="-E7_0" index="0" speed="40.00" length="3000.00" shape="99.60,1.60 37.20,1.60"/>
    </edge>
    <edge id="-E8" from="J28" to="J31" priority="-1" length="3000.00">
        <lane id="-E8_0" index="0" speed="40.00" length="3000.00" shape="108.40,82.80 108.40,7.20"/>
    </edge>
    <edge id="E1" from="J21" to="J22" priority="-1" length="60.00">
        <lane id="E1_0" index="0" speed="40.00" length="60.00" shape="-30.00,88.40 22.80,88.40"/>
    </edge>
    <edge id="E17" from="J22" to="J23" priority="-1">
        <lane id="E17_0" index="0" speed="40.00" length="22.80" shape="34.80,97.20 34.80,120.00"/>
        <lane id="E17_1" index="1" speed="40.00" length="22.80" shape="31.60,97.20 31.60,120.00"/>
    </edge>
    <edge id="E19" from="J25" to="J26" priority="-1">
        <lane id="E19_0" index="0" speed="40.00" length="42.80" shape="25.20,-7.20 25.20,-50.00"/>
        <lane id="E19_1" index="1" speed="40.00" length="42.80" shape="28.40,-7.20 28.40,-50.00"/>
    </edge>
    <edge id="E2" from="J24" to="J25" priority="-1">
        <lane id="E2_0" index="0" speed="40.00" length="49.60" shape="-30.00,-1.60 19.60,-1.60"/>
    </edge>
    <edge id="E21" from="J28" to="J29" priority="-1">
        <lane id="E21_0" index="0" speed="40.00" length="22.80" shape="114.80,97.20 114.80,120.00"/>
        <lane id="E21_1" index="1" speed="40.00" length="22.80" shape="111.60,97.20 111.60,120.00"/>
    </edge>
    <edge id="E23" from="J31" to="J32" priority="-1">
        <lane id="E23_0" index="0" speed="40.00" length="42.80" shape="105.20,-7.20 105.20,-50.00"/>
        <lane id="E23_1" index="1" speed="40.00" length="42.80" shape="108.40,-7.20 108.40,-50.00"/>
    </edge>
    <edge id="E3" from="J30" to="J31" priority="-1" length="60.00">
        <lane id="E3_0" index="0" speed="180.00" length="60.00" shape="170.00,1.60 117.20,1.60"/>
    </edge>
    <edge id="E4" from="J27" to="J28" priority="-1" length="60.00">
        <lane id="E4_0" index="0" speed="40.00" length="60.00" shape="170.00,91.60 120.40,91.60"/>
    </edge>
    <edge id="E5" from="J22" to="J28" priority="-1" length="2000.00">
        <lane id="E5_0" index="0" speed="40.00" length="2000.00" shape="40.40,88.40 102.80,88.40"/>
    </edge>
    <edge id="E6" from="J22" to="J25" priority="-1" length="2000.00">
        <lane id="E6_0" index="0" speed="13.89" length="2000.00" shape="28.40,82.80 28.40,7.20"/>
    </edge>
    <edge id="E7" from="J25" to="J31" priority="-1" length="3000.00">
        <lane id="E7_0" index="0" speed="40.00" length="3000.00" shape="37.20,-1.60 99.60,-1.60"/>
    </edge>
    <edge id="E8" from="J31" to="J28" priority="-1" length="3000.00">
        <lane id="E8_0" index="0" speed="40.00" length="3000.00" shape="111.60,7.20 111.60,82.80"/>
    </edge>

    <tlLogic id="J22" type="static" programID="0" offset="0">
        <phase duration="54" state="gGrgrrrgGr"/>
        <phase duration="6"  state="gyrgrrrgyr"/>
        <phase duration="54" state="grrgGGrgrr"/>
        <phase duration="6"  state="grrgyyrgrr"/>
        <phase duration="24" state="grGgrrrgrG"/>
        <phase duration="6"  state="grygrrrgry"/>
        <phase duration="24" state="grrgrrGgrr"/>
        <phase duration="6"  state="grrgrrygrr"/>
    </tlLogic>
    <tlLogic id="J25" type="static" programID="0" offset="0">
        <phase duration="54" state="grrrgGrgGr"/>
        <phase duration="6"  state="grrrgyrgyr"/>
        <phase duration="54" state="gGGrgrrgrr"/>
        <phase duration="6"  state="gyyrgrrgrr"/>
        <phase duration="24" state="grrrgrGgrG"/>
        <phase duration="6"  state="grrrgrygry"/>
        <phase duration="24" state="grrGgrrgrr"/>
        <phase duration="6"  state="grrygrrgrr"/>
    </tlLogic>
    <tlLogic id="J28" type="static" programID="0" offset="0">
        <phase duration="54" state="gGrgrrrgGr"/>
        <phase duration="6"  state="gyrgrrrgyr"/>
        <phase duration="54" state="grrgGGrgrr"/>
        <phase duration="6"  state="grrgyyrgrr"/>
        <phase duration="24" state="grGgrrrgrG"/>
        <phase duration="6"  state="grygrrrgry"/>
        <phase duration="24" state="grrgrrGgrr"/>
        <phase duration="6"  state="grrgrrygrr"/>
    </tlLogic>
    <tlLogic id="J31" type="static" programID="0" offset="0">
        <phase duration="54" state="grrrgGrgGr"/>
        <phase duration="6"  state="grrrgyrgyr"/>
        <phase duration="54" state="gGGrgrrgrr"/>
        <phase duration="6"  state="gyyrgrrgrr"/>
        <phase duration="24" state="grrrgrGgrG"/>
        <phase duration="6"  state="grrrgrygry"/>
        <phase duration="24" state="grrGgrrgrr"/>
        <phase duration="6"  state="grrygrrgrr"/>
    </tlLogic>

    <junction id="J21" type="dead_end" x="-30.00" y="90.00" incLanes="-E1_0" intLanes="" shape="-30.00,90.00 -30.00,93.20 -30.00,90.00"/>
    <junction id="J22" type="traffic_light" x="30.00" y="90.00" incLanes="-E5_0 -E6_0 E1_0" intLanes=":J22_0_0 :J22_1_0 :J22_2_0 :J22_3_0 :J22_4_0 :J22_4_1 :J22_6_0 :J22_7_0 :J22_8_0 :J22_9_0" shape="30.00,97.20 36.40,97.20 36.84,94.98 37.40,94.20 38.18,93.64 39.18,93.31 40.40,93.20 40.40,86.80 38.20,86.69 36.40,86.36 35.00,85.80 34.00,85.02 33.40,84.02 33.20,82.80 26.80,82.80 26.36,85.02 25.80,85.80 25.02,86.36 24.02,86.69 22.80,86.80 22.80,93.20 25.00,93.31 26.80,93.64 28.20,94.20 29.20,94.98 29.80,95.98">
        <request index="0" response="0000000000" foes="0000110000" cont="0"/>
        <request index="1" response="0000000000" foes="1001110000" cont="0"/>
        <request index="2" response="1110000000" foes="1111110000" cont="0"/>
        <request index="3" response="0100000000" foes="0100000000" cont="0"/>
        <request index="4" response="1100000111" foes="1100000111" cont="0"/>
        <request index="5" response="1100000111" foes="1100000111" cont="0"/>
        <request index="6" response="1100000110" foes="1100000110" cont="0"/>
        <request index="7" response="0000000000" foes="0000000100" cont="0"/>
        <request index="8" response="0000000000" foes="0001111100" cont="0"/>
        <request index="9" response="0000000010" foes="0001110110" cont="0"/>
    </junction>
    <junction id="J23" type="dead_end" x="30.00" y="120.00" incLanes="E17_0 E17_1" intLanes="" shape="36.40,120.00 30.00,120.00"/>
    <junction id="J24" type="dead_end" x="-30.00" y="0.00" incLanes="-E2_0" intLanes="" shape="-30.00,0.00 -30.00,3.20 -30.00,0.00"/>
    <junction id="J25" type="traffic_light" x="30.00" y="0.00" incLanes="E6_0 -E7_0 E2_0" intLanes=":J25_0_0 :J25_1_0 :J25_1_1 :J25_3_0 :J25_4_0 :J25_5_0 :J25_6_0 :J25_7_0 :J25_8_0 :J25_9_0" shape="26.80,7.20 33.20,7.20 33.64,4.98 34.20,4.20 34.98,3.64 35.98,3.31 37.20,3.20 37.20,-3.20 35.00,-3.31 33.20,-3.64 31.80,-4.20 30.80,-4.98 30.20,-5.98 30.00,-7.20 23.60,-7.20 23.16,-4.98 22.60,-4.20 21.82,-3.64 20.82,-3.31 19.60,-3.20 19.60,3.20 21.80,3.31 23.60,3.64 25.00,4.20 26.00,4.98 26.60,5.98">
        <request index="0" response="0000100000" foes="0000100000" cont="0"/>
        <request index="1" response="1111100000" foes="1111100000" cont="0"/>
        <request index="2" response="1111100000" foes="1111100000" cont="0"/>
        <request index="3" response="1101100000" foes="1101100000" cont="0"/>
        <request index="4" response="0000000000" foes="1000000000" cont="0"/>
        <request index="5" response="0000000000" foes="1000001111" cont="0"/>
        <request index="6" response="1100000000" foes="1100001110" cont="0"/>
        <request index="7" response="0000000000" foes="0000000110" cont="0"/>
        <request index="8" response="0000000000" foes="0001001110" cont="0"/>
        <request index="9" response="0000110000" foes="0001111110" cont="0"/>
    </junction>
    <junction id="J26" type="dead_end" x="30.00" y="-50.00" incLanes="E19_0 E19_1" intLanes="" shape="23.60,-50.00 30.00,-50.00"/>
    <junction id="J27" type="dead_end" x="170.00" y="90.00" incLanes="-E4_0" intLanes="" shape="170.00,90.00 170.00,86.80 170.00,90.00"/>
    <junction id="J28" type="traffic_light" x="110.00" y="90.00" incLanes="E4_0 E8_0 E5_0" intLanes=":J28_0_0 :J28_1_0 :J28_2_0 :J28_3_0 :J28_4_0 :J28_4_1 :J28_6_0 :J28_7_0 :J28_8_0 :J28_9_0" shape="110.00,97.20 116.40,97.20 116.84,94.98 117.40,94.20 118.18,93.64 119.18,93.31 120.40,93.20 120.40,86.80 118.20,86.69 116.40,86.36 115.00,85.80 114.00,85.02 113.40,84.02 113.20,82.80 106.80,82.80 106.36,85.02 105.80,85.80 105.02,86.36 104.02,86.69 102.80,86.80 102.80,93.20 105.00,93.31 106.80,93.64 108.20,94.20 109.20,94.98 109.80,95.98">
        <request index="0" response="0000000000" foes="0000110000" cont="0"/>
        <request index="1" response="0000000000" foes="1001110000" cont="0"/>
        <request index="2" response="1110000000" foes="1111110000" cont="0"/>
        <request index="3" response="0100000000" foes="0100000000" cont="0"/>
        <request index="4" response="1100000111" foes="1100000111" cont="0"/>
        <request index="5" response="1100000111" foes="1100000111" cont="0"/>
        <request index="6" response="1100000110" foes="1100000110" cont="0"/>
        <request index="7" response="0000000000" foes="0000000100" cont="0"/>
        <request index="8" response="0000000000" foes="0001111100" cont="0"/>
        <request index="9" response="0000000010" foes="0001110110" cont="0"/>
    </junction>
    <junction id="J29" type="dead_end" x="110.00" y="120.00" incLanes="E21_0 E21_1" intLanes="" shape="116.40,120.00 110.00,120.00"/>
    <junction id="J30" type="dead_end" x="170.00" y="0.00" incLanes="-E3_0" intLanes="" shape="170.00,0.00 170.00,-3.20 170.00,0.00"/>
    <junction id="J31" type="traffic_light" x="110.00" y="0.00" incLanes="-E8_0 E3_0 E7_0" intLanes=":J31_0_0 :J31_1_0 :J31_1_1 :J31_3_0 :J31_4_0 :J31_5_0 :J31_6_0 :J31_7_0 :J31_8_0 :J31_9_0" shape="106.80,7.20 113.20,7.20 113.64,4.98 114.20,4.20 114.98,3.64 115.98,3.31 117.20,3.20 117.20,-3.20 115.00,-3.31 113.20,-3.64 111.80,-4.20 110.80,-4.98 110.20,-5.98 110.00,-7.20 103.60,-7.20 103.16,-4.98 102.60,-4.20 101.82,-3.64 100.82,-3.31 99.60,-3.20 99.60,3.20 101.80,3.31 103.60,3.64 105.00,4.20 106.00,4.98 106.60,5.98">
        <request index="0" response="0000100000" foes="0000100000" cont="0"/>
        <request index="1" response="1111100000" foes="1111100000" cont="0"/>
        <request index="2" response="1111100000" foes="1111100000" cont="0"/>
        <request index="3" response="1101100000" foes="1101100000" cont="0"/>
        <request index="4" response="0000000000" foes="1000000000" cont="0"/>
        <request index="5" response="0000000000" foes="1000001111" cont="0"/>
        <request index="6" response="1100000000" foes="1100001110" cont="0"/>
        <request index="7" response="0000000000" foes="0000000110" cont="0"/>
        <request index="8" response="0000000000" foes="0001001110" cont="0"/>
        <request index="9" response="0000110000" foes="0001111110" cont="0"/>
    </junction>
    <junction id="J32" type="dead_end" x="110.00" y="-50.00" incLanes="E23_0 E23_1" intLanes="" shape="103.60,-50.00 110.00,-50.00"/>

    <connection from="-E5" to="E17" fromLane="0" toLane="0" via=":J22_0_0" tl="J22" linkIndex="0" dir="r" state="O"/>
    <connection from="-E5" to="-E1" fromLane="0" toLane="0" via=":J22_1_0" tl="J22" linkIndex="1" dir="s" state="O"/>
    <connection from="-E5" to="E6" fromLane="0" toLane="0" via=":J22_2_0" tl="J22" linkIndex="2" dir="l" state="o"/>
    <connection from="-E6" to="E5" fromLane="0" toLane="0" via=":J22_3_0" tl="J22" linkIndex="3" dir="r" state="o"/>
    <connection from="-E6" to="E17" fromLane="0" toLane="0" via=":J22_4_0" tl="J22" linkIndex="4" dir="s" state="o"/>
    <connection from="-E6" to="E17" fromLane="0" toLane="1" via=":J22_4_1" tl="J22" linkIndex="5" dir="s" state="o"/>
    <connection from="-E6" to="-E1" fromLane="0" toLane="0" via=":J22_6_0" tl="J22" linkIndex="6" dir="l" state="o"/>
    <connection from="-E7" to="-E6" fromLane="0" toLane="0" via=":J25_4_0" tl="J25" linkIndex="4" dir="r" state="O"/>
    <connection from="-E7" to="-E2" fromLane="0" toLane="0" via=":J25_5_0" tl="J25" linkIndex="5" dir="s" state="O"/>
    <connection from="-E7" to="E19" fromLane="0" toLane="1" via=":J25_6_0" tl="J25" linkIndex="6" dir="l" state="o"/>
    <connection from="-E8" to="-E7" fromLane="0" toLane="0" via=":J31_0_0" tl="J31" linkIndex="0" dir="r" state="o"/>
    <connection from="-E8" to="E23" fromLane="0" toLane="0" via=":J31_1_0" tl="J31" linkIndex="1" dir="s" state="o"/>
    <connection from="-E8" to="E23" fromLane="0" toLane="1" via=":J31_1_1" tl="J31" linkIndex="2" dir="s" state="o"/>
    <connection from="-E8" to="-E3" fromLane="0" toLane="0" via=":J31_3_0" tl="J31" linkIndex="3" dir="l" state="o"/>
    <connection from="E1" to="E6" fromLane="0" toLane="0" via=":J22_7_0" tl="J22" linkIndex="7" dir="r" state="O"/>
    <connection from="E1" to="E5" fromLane="0" toLane="0" via=":J22_8_0" tl="J22" linkIndex="8" dir="s" state="O"/>
    <connection from="E1" to="E17" fromLane="0" toLane="1" via=":J22_9_0" tl="J22" linkIndex="9" dir="l" state="o"/>
    <connection from="E2" to="E19" fromLane="0" toLane="0" via=":J25_7_0" tl="J25" linkIndex="7" dir="r" state="O"/>
    <connection from="E2" to="E7" fromLane="0" toLane="0" via=":J25_8_0" tl="J25" linkIndex="8" dir="s" state="O"/>
    <connection from="E2" to="-E6" fromLane="0" toLane="0" via=":J25_9_0" tl="J25" linkIndex="9" dir="l" state="o"/>
    <connection from="E3" to="E8" fromLane="0" toLane="0" via=":J31_4_0" tl="J31" linkIndex="4" dir="r" state="O"/>
    <connection from="E3" to="-E7" fromLane="0" toLane="0" via=":J31_5_0" tl="J31" linkIndex="5" dir="s" state="O"/>
    <connection from="E3" to="E23" fromLane="0" toLane="1" via=":J31_6_0" tl="J31" linkIndex="6" dir="l" state="o"/>
    <connection from="E4" to="E21" fromLane="0" toLane="0" via=":J28_0_0" tl="J28" linkIndex="0" dir="r" state="O"/>
    <connection from="E4" to="-E5" fromLane="0" toLane="0" via=":J28_1_0" tl="J28" linkIndex="1" dir="s" state="O"/>
    <connection from="E4" to="-E8" fromLane="0" toLane="0" via=":J28_2_0" tl="J28" linkIndex="2" dir="l" state="o"/>
    <connection from="E5" to="-E8" fromLane="0" toLane="0" via=":J28_7_0" tl="J28" linkIndex="7" dir="r" state="O"/>
    <connection from="E5" to="-E4" fromLane="0" toLane="0" via=":J28_8_0" tl="J28" linkIndex="8" dir="s" state="O"/>
    <connection from="E5" to="E21" fromLane="0" toLane="1" via=":J28_9_0" tl="J28" linkIndex="9" dir="l" state="o"/>
    <connection from="E6" to="-E2" fromLane="0" toLane="0" via=":J25_0_0" tl="J25" linkIndex="0" dir="r" state="o"/>
    <connection from="E6" to="E19" fromLane="0" toLane="0" via=":J25_1_0" tl="J25" linkIndex="1" dir="s" state="o"/>
    <connection from="E6" to="E19" fromLane="0" toLane="1" via=":J25_1_1" tl="J25" linkIndex="2" dir="s" state="o"/>
    <connection from="E6" to="E7" fromLane="0" toLane="0" via=":J25_3_0" tl="J25" linkIndex="3" dir="l" state="o"/>
    <connection from="E7" to="E23" fromLane="0" toLane="0" via=":J31_7_0" tl="J31" linkIndex="7" dir="r" state="O"/>
    <connection from="E7" to="-E3" fromLane="0" toLane="0" via=":J31_8_0" tl="J31" linkIndex="8" dir="s" state="O"/>
    <connection from="E7" to="E8" fromLane="0" toLane="0" via=":J31_9_0" tl="J31" linkIndex="9" dir="l" state="o"/>
    <connection from="E8" to="-E4" fromLane="0" toLane="0" via=":J28_3_0" tl="J28" linkIndex="3" dir="r" state="o"/>
    <connection from="E8" to="E21" fromLane="0" toLane="0" via=":J28_4_0" tl="J28" linkIndex="4" dir="s" state="o"/>
    <connection from="E8" to="E21" fromLane="0" toLane="1" via=":J28_4_1" tl="J28" linkIndex="5" dir="s" state="o"/>
    <connection from="E8" to="-E5" fromLane="0" toLane="0" via=":J28_6_0" tl="J28" linkIndex="6" dir="l" state="o"/>

    <connection from=":J22_0" to="E17" fromLane="0" toLane="0" dir="r" state="M"/>
    <connection from=":J22_1" to="-E1" fromLane="0" toLane="0" dir="s" state="M"/>
    <connection from=":J22_2" to="E6" fromLane="0" toLane="0" dir="l" state="M"/>
    <connection from=":J22_3" to="E5" fromLane="0" toLane="0" dir="r" state="M"/>
    <connection from=":J22_4" to="E17" fromLane="0" toLane="0" dir="s" state="M"/>
    <connection from=":J22_4" to="E17" fromLane="1" toLane="1" dir="s" state="M"/>
    <connection from=":J22_6" to="-E1" fromLane="0" toLane="0" dir="l" state="M"/>
    <connection from=":J22_7" to="E6" fromLane="0" toLane="0" dir="r" state="M"/>
    <connection from=":J22_8" to="E5" fromLane="0" toLane="0" dir="s" state="M"/>
    <connection from=":J22_9" to="E17" fromLane="0" toLane="1" dir="l" state="M"/>
    <connection from=":J25_0" to="-E2" fromLane="0" toLane="0" dir="r" state="M"/>
    <connection from=":J25_1" to="E19" fromLane="0" toLane="0" dir="s" state="M"/>
    <connection from=":J25_1" to="E19" fromLane="1" toLane="1" dir="s" state="M"/>
    <connection from=":J25_3" to="E7" fromLane="0" toLane="0" dir="l" state="M"/>
    <connection from=":J25_4" to="-E6" fromLane="0" toLane="0" dir="r" state="M"/>
    <connection from=":J25_5" to="-E2" fromLane="0" toLane="0" dir="s" state="M"/>
    <connection from=":J25_6" to="E19" fromLane="0" toLane="1" dir="l" state="M"/>
    <connection from=":J25_7" to="E19" fromLane="0" toLane="0" dir="r" state="M"/>
    <connection from=":J25_8" to="E7" fromLane="0" toLane="0" dir="s" state="M"/>
    <connection from=":J25_9" to="-E6" fromLane="0" toLane="0" dir="l" state="M"/>
    <connection from=":J28_0" to="E21" fromLane="0" toLane="0" dir="r" state="M"/>
    <connection from=":J28_1" to="-E5" fromLane="0" toLane="0" dir="s" state="M"/>
    <connection from=":J28_2" to="-E8" fromLane="0" toLane="0" dir="l" state="M"/>
    <connection from=":J28_3" to="-E4" fromLane="0" toLane="0" dir="r" state="M"/>
    <connection from=":J28_4" to="E21" fromLane="0" toLane="0" dir="s" state="M"/>
    <connection from=":J28_4" to="E21" fromLane="1" toLane="1" dir="s" state="M"/>
    <connection from=":J28_6" to="-E5" fromLane="0" toLane="0" dir="l" state="M"/>
    <connection from=":J28_7" to="-E8" fromLane="0" toLane="0" dir="r" state="M"/>
    <connection from=":J28_8" to="-E4" fromLane="0" toLane="0" dir="s" state="M"/>
    <connection from=":J28_9" to="E21" fromLane="0" toLane="1" dir="l" state="M"/>
    <connection from=":J31_0" to="-E7" fromLane="0" toLane="0" dir="r" state="M"/>
    <connection from=":J31_1" to="E23" fromLane="0" toLane="0" dir="s" state="M"/>
    <connection from=":J31_1" to="E23" fromLane="1" toLane="1" dir="s" state="M"/>
    <connection from=":J31_3" to="-E3" fromLane="0" toLane="0" dir="l" state="M"/>
    <connection from=":J31_4" to="E8" fromLane="0" toLane="0" dir="r" state="M"/>
    <connection from=":J31_5" to="-E7" fromLane="0" toLane="0" dir="s" state="M"/>
    <connection from=":J31_6" to="E23" fromLane="0" toLane="1" dir="l" state="M"/>
    <connection from=":J31_7" to="E23" fromLane="0" toLane="0" dir="r" state="M"/>
    <connection from=":J31_8" to="-E3" fromLane="0" toLane="0" dir="s" state="M"/>
    <connection from=":J31_9" to="E8" fromLane="0" toLane="0" dir="l" state="M"/>

</net>
