<routes>
    <vType id = 'car'
        vClass='passenger' length='5' accel='3.5' decel='2.2'
        sigma='1' maxSpeed='40'/>

<!-- 8-9 -->
    <!-- top-left -->
    <route id='route_0tl' edges="E1 E17"/>
    <flow id='carflowtl' type='car' beg='0' end='3600' number='130' from="E1" to="E17"/>

    <route id='route_1tl' edges="E1 E5"/>
    <flow id='carflow2tl' type='car' beg='0' end='3600' number='380' from="E1" to="E5"/>

    <route id='route_2tl' edges="E1 E6"/>
    <flow id='carflow3tl' type='car' beg='0' end='3600' number='130' from="E1" to="E6"/>

    <!-- top-right -->
    <route id='route_0tr' edges="E4 -E8"/>
    <flow id='carflowtr' type='car' beg='0' end='3600' number='130' from="E4" to="-E8"/>

    <route id='route_1tr' edges="E4 -E5"/>
    <flow id='carflow2tr' type='car' beg='0' end='3600' number='380' from="E4" to="-E5"/>

    <route id='route_2tr' edges="E4 E21"/>
    <flow id='carflow3tr' type='car' beg='0' end='3600' number='130' from="E4" to="E21"/>

    <!-- bottom-right -->
    <route id='route_0br' edges="E3 E23"/>
    <flow id='carflowbr' type='car' beg='0' end='3600' number='130' from="E3" to="E23"/>

    <route id='route_1br' edges="E3 -E7"/>
    <flow id='carflow2br' type='car' beg='0' end='3600' number='380' from="E3" to="-E7"/>

    <route id='route_2br' edges="E3 E8"/>
    <flow id='carflow3br' type='car' beg='0' end='3600' number='130' from="E3" to="E8"/>

    <!-- bottom-left -->
    <route id='route_0bl' edges="E2 -E6"/>
    <flow id='carflowbl' type='car' beg='0' end='3600' number='130' from="E2" to="-E6"/>

    <route id='route_1bl' edges="E2 E7"/>
    <flow id='carflow2bl' type='car' beg='0' end='3600' number='380' from="E2" to="E7"/>

    <route id='route_2bl' edges="E2 E19"/>
    <flow id='carflow3bl' type='car' beg='0' end='3600' number='130' from="E2" to="E19"/>

<!-- 9-10 -->
    <!-- top-left -->
    <route id='route_0tl2' edges="E1 E17"/>
    <flow id='carflowtl2' type='car' beg='3600' end='7200' number='170' from="E1" to="E17"/>

    <route id='route_1tl2' edges="E1 E5"/>
    <flow id='carflow2tl2' type='car' beg='3600' end='7200' number='520' from="E1" to="E5"/>

    <route id='route_2tl2' edges="E1 E6"/>
    <flow id='carflow3tl2' type='car' beg='3600' end='7200' number='170' from="E1" to="E6"/>

    <!-- top-right -->
    <route id='route_0tr2' edges="E4 -E8"/>
    <flow id='carflowtr2' type='car' beg='3600' end='7200' number='170' from="E4" to="-E8"/>

    <route id='route_1tr2' edges="E4 -E5"/>
    <flow id='carflow2tr2' type='car' beg='3600' end='7200' number='520' from="E4" to="-E5"/>

    <route id='route_2tr2' edges="E4 E21"/>
    <flow id='carflow3tr2' type='car' beg='3600' end='7200' number='170' from="E4" to="E21"/>

    <!-- bottom-right -->
    <route id='route_0br2' edges="E3 E23"/>
    <flow id='carflowbr2' type='car' beg='3600' end='7200' number='170' from="E3" to="E23"/>

    <route id='route_1br2' edges="E3 -E7"/>
    <flow id='carflow2br2' type='car' beg='3600' end='7200' number='520' from="E3" to="-E7"/>

    <route id='route_2br2' edges="E3 E8"/>
    <flow id='carflow3br2' type='car' beg='3600' end='7200' number='170' from="E3" to="E8"/>

    <!-- bottom-left -->
    <route id='route_0bl2' edges="E2 -E6"/>
    <flow id='carflowbl2' type='car' beg='3600' end='7200' number='170' from="E2" to="-E6"/>

    <route id='route_1bl2' edges="E2 E7"/>
    <flow id='carflow2bl2' type='car' beg='3600' end='7200' number='520' from="E2" to="E7"/>

    <route id='route_2bl2' edges="E2 E19"/>
    <flow id='carflow3bl2' type='car' beg='3600' end='7200' number='170' from="E2" to="E19"/>

<!-- 10-11 -->
    <!-- top-left -->
    <route id='route_0tl3' edges="E1 E17"/>
    <flow id='carflowtl3' type='car' beg='7200' end='10800' number='240' from="E1" to="E17"/>

    <route id='route_1tl3' edges="E1 E5"/>
    <flow id='carflow2tl3' type='car' beg='7200' end='10800' number='360' from="E1" to="E5"/>

    <route id='route_2tl3' edges="E1 E6"/>
    <flow id='carflow3tl3' type='car' beg='7200' end='10800' number='240' from="E1" to="E6"/>

    <!-- top-right -->
    <route id='route_0tr3' edges="E4 -E8"/>
    <flow id='carflowtr3' type='car' beg='7200' end='10800' number='240' from="E4" to="-E8"/>

    <route id='route_1tr3' edges="E4 -E5"/>
    <flow id='carflow2tr3' type='car' beg='7200' end='10800' number='360' from="E4" to="-E5"/>

    <route id='route_2tr3' edges="E4 E21"/>
    <flow id='carflow3tr3' type='car' beg='7200' end='10800' number='240' from="E4" to="E21"/>

    <!-- bottom-right -->
    <route id='route_0br3' edges="E3 E23"/>
    <flow id='carflowbr3' type='car' beg='7200' end='10800' number='240' from="E3" to="E23"/>

    <route id='route_1br3' edges="E3 -E7"/>
    <flow id='carflow2br3' type='car' beg='7200' end='10800' number='360' from="E3" to="-E7"/>

    <route id='route_2br3' edges="E3 E8"/>
    <flow id='carflow3br3' type='car' beg='7200' end='10800' number='240' from="E3" to="E8"/>

    <!-- bottom-left -->
    <route id='route_0bl3' edges="E2 -E6"/>
    <flow id='carflowbl3' type='car' beg='7200' end='10800' number='240' from="E2" to="-E6"/>

    <route id='route_1bl3' edges="E2 E7"/>
    <flow id='carflow2bl3' type='car' beg='7200' end='10800' number='360' from="E2" to="E7"/>

    <route id='route_2bl3' edges="E2 E19"/>
    <flow id='carflow3bl3' type='car' beg='7200' end='10800' number='240' from="E2" to="E19"/>

<!-- 11-12 -->
    <!-- top-left -->
    <route id='route_0tl4' edges="E1 E17"/>
    <flow id='carflowtl4' type='car' beg='10800' end='14400' number='40' from="E1" to="E17"/>

    <route id='route_1tl4' edges="E1 E5"/>
    <flow id='carflow2tl4' type='car' beg='10800' end='14400' number='225' from="E1" to="E5"/>

    <route id='route_2tl4' edges="E1 E6"/>
    <flow id='carflow3tl4' type='car' beg='10800' end='14400' number='50' from="E1" to="E6"/>

    <!-- top-right -->
    <route id='route_0tr4' edges="E4 -E8"/>
    <flow id='carflowtr4' type='car' beg='10800' end='14400' number='40' from="E4" to="-E8"/>

    <route id='route_1tr4' edges="E4 -E5"/>
    <flow id='carflow2tr4' type='car' beg='10800' end='14400' number='225' from="E4" to="-E5"/>

    <route id='route_2tr4' edges="E4 E21"/>
    <flow id='carflow3tr4' type='car' beg='10800' end='14400' number='50' from="E4" to="E21"/>

    <!-- bottom-right -->
    <route id='route_0br4' edges="E3 E23"/>
    <flow id='carflowbr4' type='car' beg='10800' end='14400' number='40' from="E3" to="E23"/>

    <route id='route_1br4' edges="E3 -E7"/>
    <flow id='carflow2br4' type='car' beg='10800' end='14400' number='225' from="E3" to="-E7"/>

    <route id='route_2br4' edges="E3 E8"/>
    <flow id='carflow3br4' type='car' beg='10800' end='14400' number='50' from="E3" to="E8"/>

    <!-- bottom-left -->
    <route id='route_0bl4' edges="E2 -E6"/>
    <flow id='carflowbl4' type='car' beg='10800' end='14400' number='40' from="E2" to="-E6"/>

    <route id='route_1bl4' edges="E2 E7"/>
    <flow id='carflow2bl4' type='car' beg='10800' end='14400' number='225' from="E2" to="E7"/>

    <route id='route_2bl4' edges="E2 E19"/>
    <flow id='carflow3bl4' type='car' beg='10800' end='14400' number='50' from="E2" to="E19"/>

<!-- 12-13 -->
    <!-- top-left -->
    <route id='route_0tl5' edges="E1 E17"/>
    <flow id='carflowtl5' type='car' beg='14400' end='18000' number='40' from="E1" to="E17"/>

    <route id='route_1tl5' edges="E1 E5"/>
    <flow id='carflow2tl5' type='car' beg='14400' end='18000' number='125' from="E1" to="E5"/>

    <route id='route_2tl5' edges="E1 E6"/>
    <flow id='carflow3tl5' type='car' beg='14400' end='18000' number='50' from="E1" to="E6"/>

    <!-- top-right -->
    <route id='route_0tr5' edges="E4 -E8"/>
    <flow id='carflowtr5' type='car' beg='14400' end='18000' number='40' from="E4" to="-E8"/>

    <route id='route_1tr5' edges="E4 -E5"/>
    <flow id='carflow2tr5' type='car' beg='14400' end='18000' number='125' from="E4" to="-E5"/>

    <route id='route_2tr5' edges="E4 E21"/>
    <flow id='carflow3tr5' type='car' beg='14400' end='18000' number='50' from="E4" to="E21"/>

    <!-- bottom-right -->
    <route id='route_0br5' edges="E3 E23"/>
    <flow id='carflowbr5' type='car' beg='14400' end='18000' number='40' from="E3" to="E23"/>

    <route id='route_1br5' edges="E3 -E7"/>
    <flow id='carflow2br5' type='car' beg='14400' end='18000' number='125' from="E3" to="-E7"/>

    <route id='route_2br5' edges="E3 E8"/>
    <flow id='carflow3br5' type='car' beg='14400' end='18000' number='50' from="E3" to="E8"/>

    <!-- bottom-left -->
    <route id='route_0bl5' edges="E2 -E6"/>
    <flow id='carflowbl5' type='car' beg='14400' end='18000' number='40' from="E2" to="-E6"/>

    <route id='route_1bl5' edges="E2 E7"/>
    <flow id='carflow2bl5' type='car' beg='14400' end='18000' number='125' from="E2" to="E7"/>

    <route id='route_2bl5' edges="E2 E19"/>
    <flow id='carflow3bl5' type='car' beg='14400' end='18000' number='50' from="E2" to="E19"/>

<!-- 13-14 -->
    <!-- top-left -->
    <route id='route_0tl6' edges="E1 E17"/>
    <flow id='carflowtl6' type='car' beg='18000' end='21600' number='40' from="E1" to="E17"/>

    <route id='route_1tl6' edges="E1 E5"/>
    <flow id='carflow2tl6' type='car' beg='18000' end='21600' number='125' from="E1" to="E5"/>

    <route id='route_2tl6' edges="E1 E6"/>
    <flow id='carflow3tl6' type='car' beg='18000' end='21600' number='50' from="E1" to="E6"/>

    <!-- top-right -->
    <route id='route_0tr6' edges="E4 -E8"/>
    <flow id='carflowtr6' type='car' beg='18000' end='21600' number='40' from="E4" to="-E8"/>

    <route id='route_1tr6' edges="E4 -E5"/>
    <flow id='carflow2tr6' type='car' beg='18000' end='21600' number='125' from="E4" to="-E5"/>

    <route id='route_2tr6' edges="E4 E21"/>
    <flow id='carflow3tr6' type='car' beg='18000' end='21600' number='50' from="E4" to="E21"/>

    <!-- bottom-right -->
    <route id='route_0br6' edges="E3 E23"/>
    <flow id='carflowbr6' type='car' beg='18000' end='21600' number='40' from="E3" to="E23"/>

    <route id='route_1br6' edges="E3 -E7"/>
    <flow id='carflow2br6' type='car' beg='18000' end='21600' number='125' from="E3" to="-E7"/>

    <route id='route_2br6' edges="E3 E8"/>
    <flow id='carflow3br6' type='car' beg='18000' end='21600' number='50' from="E3" to="E8"/>

    <!-- bottom-left -->
    <route id='route_0bl6' edges="E2 -E6"/>
    <flow id='carflowbl6' type='car' beg='18000' end='21600' number='40' from="E2" to="-E6"/>

    <route id='route_1bl6' edges="E2 E7"/>
    <flow id='carflow2bl6' type='car' beg='18000' end='21600' number='125' from="E2" to="E7"/>

    <route id='route_2bl6' edges="E2 E19"/>
    <flow id='carflow3bl6' type='car' beg='18000' end='21600' number='50' from="E2" to="E19"/>

<!-- 14-15 -->
    <!-- top-left -->
    <route id='route_0tl7' edges="E1 E17"/>
    <flow id='carflowtl7' type='car' beg='21600' end='25200' number='40' from="E1" to="E17"/>

    <route id='route_1tl7' edges="E1 E5"/>
    <flow id='carflow2tl7' type='car' beg='21600' end='25200' number='225' from="E1" to="E5"/>

    <route id='route_2tl7' edges="E1 E6"/>
    <flow id='carflow3tl7' type='car' beg='21600' end='25200' number='50' from="E1" to="E6"/>

    <!-- top-right -->
    <route id='route_0tr7' edges="E4 -E8"/>
    <flow id='carflowtr7' type='car' beg='21600' end='25200' number='40' from="E4" to="-E8"/>

    <route id='route_1tr7' edges="E4 -E5"/>
    <flow id='carflow2tr7' type='car' beg='21600' end='25200' number='225' from="E4" to="-E5"/>

    <route id='route_2tr7' edges="E4 E21"/>
    <flow id='carflow3tr7' type='car' beg='21600' end='25200' number='50' from="E4" to="E21"/>

    <!-- bottom-right -->
    <route id='route_0br7' edges="E3 E23"/>
    <flow id='carflowbr7' type='car' beg='21600' end='25200' number='40' from="E3" to="E23"/>

    <route id='route_1br7' edges="E3 -E7"/>
    <flow id='carflow2br7' type='car' beg='21600' end='25200' number='225' from="E3" to="-E7"/>

    <route id='route_2br7' edges="E3 E8"/>
    <flow id='carflow3br7' type='car' beg='21600' end='25200' number='50' from="E3" to="E8"/>

    <!-- bottom-left -->
    <route id='route_0bl7' edges="E2 -E6"/>
    <flow id='carflowbl7' type='car' beg='21600' end='25200' number='40' from="E2" to="-E6"/>

    <route id='route_1bl7' edges="E2 E7"/>
    <flow id='carflow2bl7' type='car' beg='21600' end='25200' number='225' from="E2" to="E7"/>

    <route id='route_2bl7' edges="E2 E19"/>
    <flow id='carflow3bl7' type='car' beg='21600' end='25200' number='50' from="E2" to="E19"/>

<!-- 15-16 -->
    <!-- top-left -->
    <route id='route_0tl8' edges="E1 E17"/>
    <flow id='carflowtl8' type='car' beg='25200' end='28800' number='40' from="E1" to="E17"/>

    <route id='route_1tl8' edges="E1 E5"/>
    <flow id='carflow2tl8' type='car' beg='25200' end='28800' number='125' from="E1" to="E5"/>

    <route id='route_2tl8' edges="E1 E6"/>
    <flow id='carflow3tl8' type='car' beg='25200' end='28800' number='50' from="E1" to="E6"/>

    <!-- top-right -->
    <route id='route_0tr8' edges="E4 -E8"/>
    <flow id='carflowtr8' type='car' beg='25200' end='28800' number='40' from="E4" to="-E8"/>

    <route id='route_1tr8' edges="E4 -E5"/>
    <flow id='carflow2tr8' type='car' beg='25200' end='28800' number='125' from="E4" to="-E5"/>

    <route id='route_2tr8' edges="E4 E21"/>
    <flow id='carflow3tr8' type='car' beg='25200' end='28800' number='50' from="E4" to="E21"/>

    <!-- bottom-right -->
    <route id='route_0br8' edges="E3 E23"/>
    <flow id='carflowbr8' type='car' beg='25200' end='28800' number='40' from="E3" to="E23"/>

    <route id='route_1br8' edges="E3 -E7"/>
    <flow id='carflow2br8' type='car' beg='25200' end='28800' number='125' from="E3" to="-E7"/>

    <route id='route_2br8' edges="E3 E8"/>
    <flow id='carflow3br8' type='car' beg='25200' end='28800' number='50' from="E3" to="E8"/>

    <!-- bottom-left -->
    <route id='route_0bl8' edges="E2 -E6"/>
    <flow id='carflowbl8' type='car' beg='25200' end='28800' number='40' from="E2" to="-E6"/>

    <route id='route_1bl8' edges="E2 E7"/>
    <flow id='carflow2bl8' type='car' beg='25200' end='28800' number='125' from="E2" to="E7"/>

    <route id='route_2bl8' edges="E2 E19"/>
    <flow id='carflow3bl8' type='car' beg='25200' end='28800' number='50' from="E2" to="E19"/>

<!-- 16-17 -->
    <!-- top-left -->
    <route id='route_0tl9' edges="E1 E17"/>
    <flow id='carflowtl9' type='car' beg='28800' end='32400' number='140' from="E1" to="E17"/>

    <route id='route_1tl9' edges="E1 E5"/>
    <flow id='carflow2tl9' type='car' beg='28800' end='32400' number='135' from="E1" to="E5"/>

    <route id='route_2tl9' edges="E1 E6"/>
    <flow id='carflow3tl9' type='car' beg='28800' end='32400' number='140' from="E1" to="E6"/>

    <!-- top-right -->
    <route id='route_0tr9' edges="E4 -E8"/>
    <flow id='carflowtr9' type='car' beg='28800' end='32400' number='140' from="E4" to="-E8"/>

    <route id='route_1tr9' edges="E4 -E5"/>
    <flow id='carflow2tr9' type='car' beg='28800' end='32400' number='135' from="E4" to="-E5"/>

    <route id='route_2tr9' edges="E4 E21"/>
    <flow id='carflow3tr9' type='car' beg='28800' end='32400' number='140' from="E4" to="E21"/>

    <!-- bottom-right -->
    <route id='route_0br9' edges="E3 E23"/>
    <flow id='carflowbr9' type='car' beg='28800' end='32400' number='140' from="E3" to="E23"/>

    <route id='route_1br9' edges="E3 -E7"/>
    <flow id='carflow2br9' type='car' beg='28800' end='32400' number='135' from="E3" to="-E7"/>

    <route id='route_2br9' edges="E3 E8"/>
    <flow id='carflow3br9' type='car' beg='28800' end='32400' number='140' from="E3" to="E8"/>

    <!-- bottom-left -->
    <route id='route_0bl9' edges="E2 -E6"/>
    <flow id='carflowbl9' type='car' beg='28800' end='32400' number='140' from="E2" to="-E6"/>

    <route id='route_1bl9' edges="E2 E7"/>
    <flow id='carflow2bl9' type='car' beg='28800' end='32400' number='135' from="E2" to="E7"/>

    <route id='route_2bl9' edges="E2 E19"/>
    <flow id='carflow3bl9' type='car' beg='28800' end='32400' number='140' from="E2" to="E19"/>

<!-- 17-18 -->
    <!-- top-left -->
    <route id='route_0tl10' edges="E1 E17"/>
    <flow id='carflowtl10' type='car' beg='32400' end='36000' number='140' from="E1" to="E17"/>

    <route id='route_1tl10' edges="E1 E5"/>
    <flow id='carflow2tl10' type='car' beg='32400' end='36000' number='470' from="E1" to="E5"/>

    <route id='route_2tl10' edges="E1 E6"/>
    <flow id='carflow3tl10' type='car' beg='32400' end='36000' number='140' from="E1" to="E6"/>

    <!-- top-right -->
    <route id='route_0tr10' edges="E4 -E8"/>
    <flow id='carflowtr10' type='car' beg='32400' end='36000' number='140' from="E4" to="-E8"/>

    <route id='route_1tr10' edges="E4 -E5"/>
    <flow id='carflow2tr10' type='car' beg='32400' end='36000' number='470' from="E4" to="-E5"/>

    <route id='route_2tr10' edges="E4 E21"/>
    <flow id='carflow3tr10' type='car' beg='32400' end='36000' number='140' from="E4" to="E21"/>

    <!-- bottom-right -->
    <route id='route_0br10' edges="E3 E23"/>
    <flow id='carflowbr10' type='car' beg='32400' end='36000' number='140' from="E3" to="E23"/>

    <route id='route_1br10' edges="E3 -E7"/>
    <flow id='carflow2br10' type='car' beg='32400' end='36000' number='470' from="E3" to="-E7"/>

    <route id='route_2br10' edges="E3 E8"/>
    <flow id='carflow3br10' type='car' beg='32400' end='36000' number='140' from="E3" to="E8"/>

    <!-- bottom-left -->
    <route id='route_0bl10' edges="E2 -E6"/>
    <flow id='carflowbl10' type='car' beg='32400' end='36000' number='140' from="E2" to="-E6"/>

    <route id='route_1bl10' edges="E2 E7"/>
    <flow id='carflow2bl10' type='car' beg='32400' end='36000' number='470' from="E2" to="E7"/>

    <route id='route_2bl10' edges="E2 E19"/>
    <flow id='carflow3bl10' type='car' beg='32400' end='36000' number='140' from="E2" to="E19"/>

<!-- 18-19 -->
    <!-- top-left -->
    <route id='route_0tl11' edges="E1 E17"/>
    <flow id='carflowtl11' type='car' beg='36000' end='39600' number='150' from="E1" to="E17"/>

    <route id='route_1tl11' edges="E1 E5"/>
    <flow id='carflow2tl11' type='car' beg='36000' end='39600' number='500' from="E1" to="E5"/>

    <route id='route_2tl11' edges="E1 E6"/>
    <flow id='carflow3tl11' type='car' beg='36000' end='39600' number='150' from="E1" to="E6"/>

    <!-- top-right -->
    <route id='route_0tr11' edges="E4 -E8"/>
    <flow id='carflowtr11' type='car' beg='36000' end='39600' number='150' from="E4" to="-E8"/>

    <route id='route_1tr11' edges="E4 -E5"/>
    <flow id='carflow2tr11' type='car' beg='36000' end='39600' number='500' from="E4" to="-E5"/>

    <route id='route_2tr11' edges="E4 E21"/>
    <flow id='carflow3tr11' type='car' beg='36000' end='39600' number='150' from="E4" to="E21"/>

    <!-- bottom-right -->
    <route id='route_0br11' edges="E3 E23"/>
    <flow id='carflowbr11' type='car' beg='36000' end='39600' number='150' from="E3" to="E23"/>

    <route id='route_1br11' edges="E3 -E7"/>
    <flow id='carflow2br11' type='car' beg='36000' end='39600' number='500' from="E3" to="-E7"/>

    <route id='route_2br11' edges="E3 E8"/>
    <flow id='carflow3br11' type='car' beg='36000' end='39600' number='150' from="E3" to="E8"/>

    <!-- bottom-left -->
    <route id='route_0bl11' edges="E2 -E6"/>
    <flow id='carflowbl11' type='car' beg='36000' end='39600' number='150' from="E2" to="-E6"/>

    <route id='route_1bl11' edges="E2 E7"/>
    <flow id='carflow2bl11' type='car' beg='36000' end='39600' number='500' from="E2" to="E7"/>

    <route id='route_2bl11' edges="E2 E19"/>
    <flow id='carflow3bl11' type='car' beg='36000' end='39600' number='150' from="E2" to="E19"/>

<!-- 19-20 -->
    <!-- top-left -->
    <route id='route_0tl12' edges="E1 E17"/>
    <flow id='carflowtl12' type='car' beg='39600' end='43200' number='200' from="E1" to="E17"/>

    <route id='route_1tl12' edges="E1 E5"/>
    <flow id='carflow2tl12' type='car' beg='39600' end='43200' number='620' from="E1" to="E5"/>

    <route id='route_2tl12' edges="E1 E6"/>
    <flow id='carflow3tl12' type='car' beg='39600' end='43200' number='200' from="E1" to="E6"/>

    <!-- top-right -->
    <route id='route_0tr12' edges="E4 -E8"/>
    <flow id='carflowtr12' type='car' beg='39600' end='43200' number='200' from="E4" to="-E8"/>

    <route id='route_1tr12' edges="E4 -E5"/>
    <flow id='carflow2tr12' type='car' beg='39600' end='43200' number='620' from="E4" to="-E5"/>

    <route id='route_2tr12' edges="E4 E21"/>
    <flow id='carflow3tr12' type='car' beg='39600' end='43200' number='200' from="E4" to="E21"/>

    <!-- bottom-right -->
    <route id='route_0br12' edges="E3 E23"/>
    <flow id='carflowbr12' type='car' beg='39600' end='43200' number='200' from="E3" to="E23"/>

    <route id='route_1br12' edges="E3 -E7"/>
    <flow id='carflow2br12' type='car' beg='39600' end='43200' number='620' from="E3" to="-E7"/>

    <route id='route_2br12' edges="E3 E8"/>
    <flow id='carflow3br12' type='car' beg='39600' end='43200' number='200' from="E3" to="E8"/>

    <!-- bottom-left -->
    <route id='route_0bl12' edges="E2 -E6"/>
    <flow id='carflowbl12' type='car' beg='39600' end='43200' number='200' from="E2" to="-E6"/>

    <route id='route_1bl12' edges="E2 E7"/>
    <flow id='carflow2bl12' type='car' beg='39600' end='43200' number='620' from="E2" to="E7"/>

    <route id='route_2bl12' edges="E2 E19"/>
    <flow id='carflow3bl12' type='car' beg='39600' end='43200' number='200' from="E2" to="E19"/>

<!-- 20-21 -->
    <!-- top-left -->
    <route id='route_0tl13' edges="E1 E17"/>
    <flow id='carflowtl13' type='car' beg='43200' end='46800' number='210' from="E1" to="E17"/>

    <route id='route_1tl13' edges="E1 E5"/>
    <flow id='carflow2tl13' type='car' beg='43200' end='46800' number='380' from="E1" to="E5"/>

    <route id='route_2tl13' edges="E1 E6"/>
    <flow id='carflow3tl13' type='car' beg='43200' end='46800' number='210' from="E1" to="E6"/>

    <!-- top-right -->
    <route id='route_0tr13' edges="E4 -E8"/>
    <flow id='carflowtr13' type='car' beg='43200' end='46800' number='210' from="E4" to="-E8"/>

    <route id='route_1tr13' edges="E4 -E5"/>
    <flow id='carflow2tr13' type='car' beg='43200' end='46800' number='380' from="E4" to="-E5"/>

    <route id='route_2tr13' edges="E4 E21"/>
    <flow id='carflow3tr13' type='car' beg='43200' end='46800' number='210' from="E4" to="E21"/>

    <!-- bottom-right -->
    <route id='route_0br13' edges="E3 E23"/>
    <flow id='carflowbr13' type='car' beg='43200' end='46800' number='210' from="E3" to="E23"/>

    <route id='route_1br13' edges="E3 -E7"/>
    <flow id='carflow2br13' type='car' beg='43200' end='46800' number='380' from="E3" to="-E7"/>

    <route id='route_2br13' edges="E3 E8"/>
    <flow id='carflow3br13' type='car' beg='43200' end='46800' number='210' from="E3" to="E8"/>

    <!-- bottom-left -->
    <route id='route_0bl13' edges="E2 -E6"/>
    <flow id='carflowbl13' type='car' beg='43200' end='46800' number='210' from="E2" to="-E6"/>

    <route id='route_1bl13' edges="E2 E7"/>
    <flow id='carflow2bl13' type='car' beg='43200' end='46800' number='380' from="E2" to="E7"/>

    <route id='route_2bl13' edges="E2 E19"/>
    <flow id='carflow3bl13' type='car' beg='43200' end='46800' number='210' from="E2" to="E19"/>

<!-- 21-22 -->
    <!-- top-left -->
    <route id='route_0tl14' edges="E1 E17"/>
    <flow id='carflowtl14' type='car' beg='46800' end='50400' number='150' from="E1" to="E17"/>

    <route id='route_1tl14' edges="E1 E5"/>
    <flow id='carflow2tl14' type='car' beg='46800' end='50400' number='60' from="E1" to="E5"/>

    <route id='route_2tl14' edges="E1 E6"/>
    <flow id='carflow3tl14' type='car' beg='46800' end='50400' number='150' from="E1" to="E6"/>

    <!-- top-right -->
    <route id='route_0tr14' edges="E4 -E8"/>
    <flow id='carflowtr14' type='car' beg='46800' end='50400' number='150' from="E4" to="-E8"/>

    <route id='route_1tr14' edges="E4 -E5"/>
    <flow id='carflow2tr14' type='car' beg='46800' end='50400' number='60' from="E4" to="-E5"/>

    <route id='route_2tr14' edges="E4 E21"/>
    <flow id='carflow3tr14' type='car' beg='46800' end='50400' number='150' from="E4" to="E21"/>

    <!-- bottom-right -->
    <route id='route_0br14' edges="E3 E23"/>
    <flow id='carflowbr14' type='car' beg='46800' end='50400' number='150' from="E3" to="E23"/>

    <route id='route_1br14' edges="E3 -E7"/>
    <flow id='carflow2br14' type='car' beg='46800' end='50400' number='60' from="E3" to="-E7"/>

    <route id='route_2br14' edges="E3 E8"/>
    <flow id='carflow3br14' type='car' beg='46800' end='50400' number='150' from="E3" to="E8"/>

    <!-- bottom-left -->
    <route id='route_0bl14' edges="E2 -E6"/>
    <flow id='carflowbl14' type='car' beg='46800' end='50400' number='150' from="E2" to="-E6"/>

    <route id='route_1bl14' edges="E2 E7"/>
    <flow id='carflow2bl14' type='car' beg='46800' end='50400' number='60' from="E2" to="E7"/>

    <route id='route_2bl14' edges="E2 E19"/>
    <flow id='carflow3bl14' type='car' beg='46800' end='50400' number='150' from="E2" to="E19"/>

</routes>