<?xml version="1.0" encoding="UTF-8"?>

<!-- generated on 2024-07-02 10:19:06 by Eclipse SUMO netedit Version 1.20.0
-->

<additional xmlns:xsi="http://www.w3.org/2001/XMLSchema-instance" xsi:noNamespaceSchemaLocation="http://sumo.dlr.de/xsd/additional_file.xsd">
    <!-- Other additionals -->
    <!-- top lane -->
    <rerouter id="rr_0" edges="E5" pos="98.84,81.12" probability='.25'>
        <interval begin="0" end="50000">
            <destProbReroute id='E21'/>
        </interval>
    </rerouter>
    <rerouter id="rr_1" edges="E5" pos="98.84,81.12" probability='.30'>
        <interval begin="0" end="50000">
            <destProbReroute id='-E8'/>
        </interval>
    </rerouter>
    <rerouter id="rr_2" edges="E5" pos="98.84,81.12" probability='.45'>
        <interval begin="0" end="50000">
            <destProbReroute id='-E4'/>
        </interval>
    </rerouter>

     <rerouter id="rr_00" edges="-E5" pos="98.84,81.12" probability='.25'>
        <interval begin="0" end="50000">
            <destProbReroute id='E6'/>
        </interval>
    </rerouter>
    <rerouter id="rr_11" edges="-E5" pos="98.84,81.12" probability='.30'>
        <interval begin="0" end="50000">
            <destProbReroute id='E17'/>
        </interval>
    </rerouter>
    <rerouter id="rr_22" edges="-E5" pos="98.84,81.12" probability='.45'>
        <interval begin="0" end="50000">
            <destProbReroute id='-E1'/>
        </interval>
    </rerouter>

    <!-- right lane -->
    <rerouter id="rr_3" edges="-E8" pos="98.84,150.12" probability='.25'>
        <interval begin="0" end="50000">
            <destProbReroute id='-E3'/>
        </interval>
    </rerouter>
    <rerouter id="rr_4" edges="-E8" pos="98.84,150.12" probability='.30'>
        <interval begin="0" end="50000">
            <destProbReroute id='-E7'/>
        </interval>
    </rerouter>
    <rerouter id="rr_5" edges="-E8" pos="98.84,150.12" probability='.45'>
        <interval begin="0" end="50000">
            <destProbReroute id='E23'/>
        </interval>
    </rerouter>

    <rerouter id="rr_33" edges="E8" pos="98.84,150.12" probability='.25'>
        <interval begin="0" end="50000">
            <destProbReroute id='-E5'/>
        </interval>
    </rerouter>
    <rerouter id="rr_44" edges="E8" pos="98.84,150.12" probability='.30'>
        <interval begin="0" end="50000">
            <destProbReroute id='-E4'/>
        </interval>
    </rerouter>
    <rerouter id="rr_55" edges="E8" pos="98.84,150.12" probability='.45'>
        <interval begin="0" end="50000">
            <destProbReroute id='E21'/>
        </interval>
    </rerouter>

    <!-- bottom lane -->
    <rerouter id="rr_6" edges="-E7" pos="38.84,150.12" probability='.25'>
        <interval begin="0" end="50000">
            <destProbReroute id='E19'/>
        </interval>
    </rerouter>
    <rerouter id="rr_7" edges="-E7" pos="38.84,150.12" probability='.30'>
        <interval begin="0" end="50000">
            <destProbReroute id='-E6'/>
        </interval>
    </rerouter>
    <rerouter id="rr_8" edges="-E7" pos="38.84,150.12" probability='.45'>
        <interval begin="0" end="50000">
            <destProbReroute id='-E2'/>
        </interval>
    </rerouter>

    <rerouter id="rr_66" edges="E7" pos="38.84,150.12" probability='.25'>
        <interval begin="0" end="50000">
            <destProbReroute id='E8'/>
        </interval>
    </rerouter>
    <rerouter id="rr_77" edges="E7" pos="38.84,150.12" probability='.30'>
        <interval begin="0" end="50000">
            <destProbReroute id='E23'/>
        </interval>
    </rerouter>
    <rerouter id="rr_88" edges="E7" pos="38.84,150.12" probability='.45'>
        <interval begin="0" end="50000">
            <destProbReroute id='-E3'/>
        </interval>
    </rerouter>

    <!-- left lane -->
    <rerouter id="rr_9" edges="-E6" pos="38.84,81.12" probability='.25'>
        <interval begin="0" end="50000">
            <destProbReroute id='E19'/>
        </interval>
    </rerouter>
    <rerouter id="rr_10" edges="-E6" pos="38.84,81.12" probability='.30'>
        <interval begin="0" end="50000">
            <destProbReroute id='-E6'/>
        </interval>
    </rerouter>
    <rerouter id="rr_13" edges="-E6" pos="38.84,81.12" probability='.45'>
        <interval begin="0" end="50000">
            <destProbReroute id='-E2'/>
        </interval>
    </rerouter>

    <rerouter id="rr_99" edges="E6" pos="38.84,81.12" probability='.25'>
        <interval begin="0" end="50000">
            <destProbReroute id='E7'/>
        </interval>
    </rerouter>
    <rerouter id="rr_1010" edges="E6" pos="38.84,81.12" probability='.30'>
        <interval begin="0" end="50000">
            <destProbReroute id='-E2'/>
        </interval>
    </rerouter>
    <rerouter id="rr_1111" edges="E6" pos="38.84,81.12" probability='.45'>
        <interval begin="0" end="50000">
            <destProbReroute id='E19'/>
        </interval>
    </rerouter>
</additional>
