<?xml version="1.0" encoding="UTF-8"?>

<!-- generated on 2024-07-02 12:50:38 by Eclipse SUMO netedit Version 1.20.0
<configuration xmlns:xsi="http://www.w3.org/2001/XMLSchema-instance" xsi:noNamespaceSchemaLocation="http://sumo.dlr.de/xsd/neteditConfiguration.xsd">

    <input>
        <sumocfg-file value="E:\Netedit SUMO\updated_sumo.sumocfg"/>
        <additional-files value="E:\Netedit SUMO\updated_sumo.add.xml"/>
        <route-files value="E:\Netedit SUMO\real_network.rou.xml"/>
        <sumo-net-file value="E:\Netedit SUMO\real_network.net.xml"/>
    </input>

    <processing>
        <geometry.min-radius.fix.railways value="false"/>
        <geometry.max-grade.fix value="false"/>
        <offset.disable-normalization value="true"/>
        <lefthand value="0"/>
    </processing>

    <junctions>
        <no-turnarounds value="true"/>
        <junctions.corner-detail value="5"/>
        <junctions.limit-turn-speed value="5.50"/>
        <rectangular-lane-cut value="0"/>
    </junctions>

    <pedestrian>
        <walkingareas value="0"/>
    </pedestrian>

</configuration>
-->

<additional xmlns:xsi="http://www.w3.org/2001/XMLSchema-instance" xsi:noNamespaceSchemaLocation="http://sumo.dlr.de/xsd/additional_file.xsd">
    <tlLogic id="J22" type="static" programID="0" offset="0">
        <phase duration="24" state="grrgrrrgGG"/>
        <phase duration="6"  state="grrgrrrgGy"/>
        <phase duration="24" state="grrgrrrgGr"/>
        <phase duration="6"  state="grrgrrrgyr"/>
        <phase duration="24" state="gGGgrrrgrr"/>
        <phase duration="6"  state="gGygrrrgrr"/>
        <phase duration="24" state="gGrgrrrgrr"/>
        <phase duration="6"  state="gyrgrrrgrr"/>
        <phase duration="24" state="grrgGGGGrr"/>
        <phase duration="6"  state="grrgGGyGrr"/>
        <phase duration="24" state="grrgGGrGrr"/>
        <phase duration="6"  state="grrgyyrGrr"/>
    </tlLogic>
</additional>
